order_approved_at,order_id
2017-01-01,0
2017-01-02,0
2017-01-03,0
2017-01-04,0
2017-01-05,3
2017-01-06,3
2017-01-07,33
2017-01-08,4
2017-01-09,4
2017-01-10,6
2017-01-11,11
2017-01-12,14
2017-01-13,12
2017-01-14,17
2017-01-15,8
2017-01-16,15
2017-01-17,35
2017-01-18,33
2017-01-19,26
2017-01-20,26
2017-01-21,26
2017-01-22,25
2017-01-23,31
2017-01-24,46
2017-01-25,62
2017-01-26,75
2017-01-27,49
2017-01-28,52
2017-01-29,30
2017-01-30,40
2017-01-31,74
2017-02-01,81
2017-02-02,69
2017-02-03,61
2017-02-04,69
2017-02-05,56
2017-02-06,68
2017-02-07,124
2017-02-08,86
2017-02-09,91
2017-02-10,87
2017-02-11,54
2017-02-12,46
2017-02-13,60
2017-02-14,86
2017-02-15,82
2017-02-16,61
2017-02-17,43
2017-02-18,54
2017-02-19,32
2017-02-20,42
2017-02-21,44
2017-02-22,73
2017-02-23,50
2017-02-24,75
2017-02-25,44
2017-02-26,42
2017-02-27,38
2017-02-28,47
2017-03-01,64
2017-03-02,100
2017-03-03,90
2017-03-04,75
2017-03-05,67
2017-03-06,86
2017-03-07,106
2017-03-08,90
2017-03-09,113
2017-03-10,91
2017-03-11,71
2017-03-12,64
2017-03-13,111
2017-03-14,99
2017-03-15,108
2017-03-16,102
2017-03-17,64
2017-03-18,73
2017-03-19,56
2017-03-20,119
2017-03-21,87
2017-03-22,83
2017-03-23,81
2017-03-24,100
2017-03-25,83
2017-03-26,63
2017-03-27,86
2017-03-28,118
2017-03-29,83
2017-03-30,87
2017-03-31,69
2017-04-01,52
2017-04-02,54
2017-04-03,57
2017-04-04,126
2017-04-05,97
2017-04-06,95
2017-04-07,95
2017-04-08,73
2017-04-09,60
2017-04-10,70
2017-04-11,98
2017-04-12,64
2017-04-13,74
2017-04-14,59
2017-04-15,44
2017-04-16,43
2017-04-17,46
2017-04-18,87
2017-04-19,82
2017-04-20,93
2017-04-21,78
2017-04-22,70
2017-04-23,56
2017-04-24,91
2017-04-25,144
2017-04-26,118
2017-04-27,99
2017-04-28,105
2017-04-29,85
2017-04-30,59
2017-05-01,92
2017-05-02,47
2017-05-03,193
2017-05-04,110
2017-05-05,116
2017-05-06,129
2017-05-07,96
2017-05-08,102
2017-05-09,148
2017-05-10,106
2017-05-11,139
2017-05-12,113
2017-05-13,94
2017-05-14,94
2017-05-15,103
2017-05-16,191
2017-05-17,142
2017-05-18,144
2017-05-19,141
2017-05-20,84
2017-05-21,105
2017-05-22,133
2017-05-23,174
2017-05-24,124
2017-05-25,125
2017-05-26,107
2017-05-27,76
2017-05-28,82
2017-05-29,125
2017-05-30,126
2017-05-31,132
2017-06-01,123
2017-06-02,125
2017-06-03,118
2017-06-04,81
2017-06-05,111
2017-06-06,162
2017-06-07,137
2017-06-08,120
2017-06-09,125
2017-06-10,91
2017-06-11,94
2017-06-12,96
2017-06-13,159
2017-06-14,124
2017-06-15,117
2017-06-16,83
2017-06-17,102
2017-06-18,81
2017-06-19,107
2017-06-20,133
2017-06-21,67
2017-06-22,82
2017-06-23,91
2017-06-24,76
2017-06-25,80
2017-06-26,66
2017-06-27,161
2017-06-28,121
2017-06-29,126
2017-06-30,93
2017-07-01,94
2017-07-02,84
2017-07-03,94
2017-07-04,109
2017-07-05,161
2017-07-06,159
2017-07-07,136
2017-07-08,106
2017-07-09,78
2017-07-10,109
2017-07-11,169
2017-07-12,157
2017-07-13,137
2017-07-14,161
2017-07-15,117
2017-07-16,93
2017-07-17,132
2017-07-18,213
2017-07-19,156
2017-07-20,158
2017-07-21,121
2017-07-22,104
2017-07-23,77
2017-07-24,125
2017-07-25,185
2017-07-26,137
2017-07-27,133
2017-07-28,130
2017-07-29,127
2017-07-30,96
2017-07-31,116
2017-08-01,128
2017-08-02,221
2017-08-03,153
2017-08-04,139
2017-08-05,139
2017-08-06,86
2017-08-07,109
2017-08-08,186
2017-08-09,137
2017-08-10,157
2017-08-11,149
2017-08-12,125
2017-08-13,80
2017-08-14,121
2017-08-15,188
2017-08-16,184
2017-08-17,171
2017-08-18,158
2017-08-19,126
2017-08-20,84
2017-08-21,136
2017-08-22,168
2017-08-23,128
2017-08-24,122
2017-08-25,133
2017-08-26,106
2017-08-27,86
2017-08-28,133
2017-08-29,170
2017-08-30,164
2017-08-31,161
2017-09-01,146
2017-09-02,117
2017-09-03,95
2017-09-04,126
2017-09-05,182
2017-09-06,149
2017-09-07,124
2017-09-08,98
2017-09-09,127
2017-09-10,106
2017-09-11,155
2017-09-12,222
2017-09-13,213
2017-09-14,190
2017-09-15,157
2017-09-16,125
2017-09-17,111
2017-09-18,129
2017-09-19,219
2017-09-20,153
2017-09-21,165
2017-09-22,136
2017-09-23,107
2017-09-24,92
2017-09-25,105
2017-09-26,216
2017-09-27,155
2017-09-28,136
2017-09-29,123
2017-09-30,122
2017-10-01,94
2017-10-02,116
2017-10-03,216
2017-10-04,177
2017-10-05,145
2017-10-06,139
2017-10-07,120
2017-10-08,101
2017-10-09,140
2017-10-10,221
2017-10-11,175
2017-10-12,145
2017-10-13,132
2017-10-14,157
2017-10-15,95
2017-10-16,153
2017-10-17,218
2017-10-18,193
2017-10-19,173
2017-10-20,142
2017-10-21,137
2017-10-22,133
2017-10-23,129
2017-10-24,173
2017-10-25,165
2017-10-26,165
2017-10-27,139
2017-10-28,100
2017-10-29,101
2017-10-30,120
2017-10-31,176
2017-11-01,152
2017-11-02,125
2017-11-03,111
2017-11-04,135
2017-11-05,111
2017-11-06,75
2017-11-07,277
2017-11-08,171
2017-11-09,196
2017-11-10,165
2017-11-11,175
2017-11-12,138
2017-11-13,152
2017-11-14,251
2017-11-15,191
2017-11-16,168
2017-11-17,241
2017-11-18,194
2017-11-19,128
2017-11-20,181
2017-11-21,233
2017-11-22,252
2017-11-23,244
2017-11-24,799
2017-11-25,754
2017-11-26,340
2017-11-27,349
2017-11-28,506
2017-11-29,347
2017-11-30,234
2017-12-01,363
2017-12-02,251
2017-12-03,188
2017-12-04,186
2017-12-05,426
2017-12-06,301
2017-12-07,244
2017-12-08,228
2017-12-09,174
2017-12-10,155
2017-12-11,186
2017-12-12,351
2017-12-13,235
2017-12-14,196
2017-12-15,197
2017-12-16,156
2017-12-17,106
2017-12-18,160
2017-12-19,221
2017-12-20,189
2017-12-21,148
2017-12-22,139
2017-12-23,114
2017-12-24,52
2017-12-25,68
2017-12-26,127
2017-12-27,218
2017-12-28,155
2017-12-29,155
2017-12-30,79
2017-12-31,64
2018-01-01,56
2018-01-02,162
2018-01-03,237
2018-01-04,254
2018-01-05,216
2018-01-06,229
2018-01-07,162
2018-01-08,233
2018-01-09,242
2018-01-10,345
2018-01-11,254
2018-01-12,261
2018-01-13,248
2018-01-14,181
2018-01-15,256
2018-01-16,379
2018-01-17,300
2018-01-18,243
2018-01-19,217
2018-01-20,217
2018-01-21,5
2018-01-22,408
2018-01-23,327
2018-01-24,267
2018-01-25,229
2018-01-26,249
2018-01-27,183
2018-01-28,123
2018-01-29,205
2018-01-30,274
2018-01-31,225
2018-02-01,245
2018-02-02,219
2018-02-03,212
2018-02-04,199
2018-02-05,215
2018-02-06,318
2018-02-07,253
2018-02-08,252
2018-02-09,198
2018-02-10,215
2018-02-11,151
2018-02-12,179
2018-02-13,187
2018-02-14,221
2018-02-15,343
2018-02-16,288
2018-02-17,228
2018-02-18,180
2018-02-19,197
2018-02-20,321
2018-02-21,271
2018-02-22,283
2018-02-23,258
2018-02-24,214
2018-02-25,175
2018-02-26,234
2018-02-27,360
2018-02-28,290
2018-03-01,306
2018-03-02,278
2018-03-03,251
2018-03-04,201
2018-03-05,211
2018-03-06,329
2018-03-07,263
2018-03-08,215
2018-03-09,248
2018-03-10,207
2018-03-11,188
2018-03-12,192
2018-03-13,257
2018-03-14,200
2018-03-15,282
2018-03-16,262
2018-03-17,221
2018-03-18,178
2018-03-19,239
2018-03-20,323
2018-03-21,315
2018-03-22,266
2018-03-23,243
2018-03-24,176
2018-03-25,152
2018-03-26,224
2018-03-27,286
2018-03-28,228
2018-03-29,224
2018-03-30,177
2018-03-31,146
2018-04-01,161
2018-04-02,233
2018-04-03,304
2018-04-04,265
2018-04-05,268
2018-04-06,213
2018-04-07,175
2018-04-08,149
2018-04-09,182
2018-04-10,308
2018-04-11,229
2018-04-12,152
2018-04-13,337
2018-04-14,173
2018-04-15,180
2018-04-16,224
2018-04-17,319
2018-04-18,275
2018-04-19,298
2018-04-20,114
2018-04-21,0
2018-04-22,0
2018-04-23,0
2018-04-24,990
2018-04-25,306
2018-04-26,241
2018-04-27,265
2018-04-28,185
2018-04-29,135
2018-04-30,97
2018-05-01,406
2018-05-02,225
2018-05-03,334
2018-05-04,278
2018-05-05,231
2018-05-06,85
2018-05-07,354
2018-05-08,426
2018-05-09,339
2018-05-10,306
2018-05-11,279
2018-05-12,218
2018-05-13,176
2018-05-14,291
2018-05-15,387
2018-05-16,368
2018-05-17,127
2018-05-18,379
2018-05-19,145
2018-05-20,161
2018-05-21,132
2018-05-22,259
2018-05-23,166
2018-05-24,119
2018-05-25,102
2018-05-26,122
2018-05-27,83
2018-05-28,118
2018-05-29,160
2018-05-30,148
2018-05-31,142
2018-06-01,147
2018-06-02,164
2018-06-03,156
2018-06-04,178
2018-06-05,270
2018-06-06,218
2018-06-07,232
2018-06-08,198
2018-06-09,197
2018-06-10,142
2018-06-11,256
2018-06-12,292
2018-06-13,260
2018-06-14,241
2018-06-15,188
2018-06-16,141
2018-06-17,135
2018-06-18,213
2018-06-19,288
2018-06-20,213
2018-06-21,213
2018-06-22,170
2018-06-23,195
2018-06-24,168
2018-06-25,190
2018-06-26,287
2018-06-27,217
2018-06-28,254
2018-06-29,196
2018-06-30,145
2018-07-01,129
2018-07-02,162
2018-07-03,5
2018-07-04,0
2018-07-05,697
2018-07-06,149
2018-07-07,101
2018-07-08,104
2018-07-09,119
2018-07-10,149
2018-07-11,144
2018-07-12,129
2018-07-13,160
2018-07-14,150
2018-07-15,110
2018-07-16,198
2018-07-17,273
2018-07-18,300
2018-07-19,246
2018-07-20,264
2018-07-21,215
2018-07-22,4
2018-07-23,315
2018-07-24,368
2018-07-25,282
2018-07-26,270
2018-07-27,234
2018-07-28,165
2018-07-29,112
2018-07-30,285
2018-07-31,337
2018-08-01,331
2018-08-02,334
2018-08-03,292
2018-08-04,272
2018-08-05,237
2018-08-06,306
2018-08-07,444
2018-08-08,338
2018-08-09,298
2018-08-10,252
2018-08-11,208
2018-08-12,160
2018-08-13,259
2018-08-14,339
2018-08-15,289
2018-08-16,291
2018-08-17,292
2018-08-18,207
2018-08-19,0
2018-08-20,426
2018-08-21,292
2018-08-22,183
2018-08-23,146
2018-08-24,138
2018-08-25,81
2018-08-26,70
2018-08-27,64
2018-08-28,56
2018-08-29,15
2018-08-30,0
2018-08-31,0
